stop_id,stop_name,stop_lat,stop_lon,LMCI_old,LMCI_new,LMCI_new2,LMCI_mean,Morning_LMCI,Midday_LMCI,Evening_LMCI,density_norm,walkzone_norm,Morning_freq_norm,stop_count_3km,stop_count_800m,demand_count,desert_severity,is_persistent_desert,priority_score,service_class
JR5,Road No 5 Jubilee Hills,17.4300489,78.4232069,0.36014297694047664,0.3518237082066869,0.3518237082066869,0.36014297694047664,0.19300911854103345,0.650832461728236,0.23658735055216043,0.0243161094224924,0.07142857142857142,0.0,86.0,3,5,Persistent,True,9.490997055676642,Transit Desert
MUN,Madhura Nagar,17.4369652,78.4390993,0.41383697493640703,0.7681670983619681,0.7681670983619681,0.41383697493640703,0.2439061237033001,0.5356651055838615,0.46193969552205943,0.0006079027355623101,0.07142857142857142,0.04235950964922928,47.0,3,16,Persistent,True,9.415109408763184,Transit Desert
JCP,Jubilee Hills Checkpost,17.4281969,78.4137145,0.4297907103778593,0.5291838182696206,0.5291838182696206,0.4297907103778593,0.4091670906146946,0.5139436423425916,0.36626139817629183,0.030395136778115502,0.21428571428571427,0.010726423109600692,96.0,5,2,Persistent,True,9.39256142412208,Transit Desert
MAD,Madhapur,17.4372637,78.4004257,0.5180983642360989,1.0711198425754005,1.0711198425754005,0.5180983642360989,0.654749207841274,0.42705167173252284,0.47249421313450013,0.01398176291793313,0.35714285714285715,0.05692438402718779,69.0,7,9,Persistent,True,9.267753059949644,Transit Desert
PED,Peddamma Gudi,17.4306512,78.4083721,0.8109210055467453,0.7380747185802862,0.7380747185802862,0.8109210055467453,0.6534140943566278,0.8824486868188266,0.8969002354647816,0.01398176291793313,0.2857142857142857,0.07444774851316908,69.0,6,0,Persistent,True,8.853896352655598,Transit Desert
BLR,Balanagar,17.4767464,78.4221082,0.8722550122764471,0.7526046333861008,0.7526046333861008,0.8722550122764471,0.7477009965576282,0.4216924872706785,1.4473715530010347,0.011550151975683891,0.07142857142857142,0.1546304163126593,65.0,3,2,Persistent,True,8.767210808270468,Transit Desert
DGC,Durgam Cheruvu,17.4429466,78.3875721,0.8922031867669326,1.7362576278364705,1.7362576278364705,0.8922031867669326,1.0943682485738562,0.4465968210040166,1.135644490722925,0.0,0.07142857142857142,0.2557349192863212,46.0,3,23,Persistent,True,8.739017340121256,Transit Desert
YUG,Yusufguda,17.4351132,78.4273216,1.1658259900220038,1.4674730717681603,1.4674730717681603,1.1658259900220038,1.083972698607815,1.232094847967919,1.1814104234902771,0.0121580547112462,0.2857142857142857,0.1843670348343246,66.0,6,11,Persistent,True,8.35229645034014,Transit Desert
GNH,Gandhi Hospital,17.4255155,78.501956,1.397843848151881,2.414700064302371,2.414700064302371,1.397843848151881,1.8729008116560317,1.1127195206978093,1.2079112121018014,0.08328267477203648,0.2857142857142857,0.29269328802039085,183.0,6,21,Persistent,True,8.024377316869918,Transit Desert
KPH,KPHB Colony,17.4937602,78.4018258,1.4591139288063222,1.8442654211241858,1.8442654211241858,1.4591139288063222,1.6952264821532164,1.2235699096748835,1.458545394590867,0.14893617021276595,0.42857142857142855,0.13049355062948947,291.0,8,7,Persistent,True,7.937782121492294,Transit Desert
MGB,Mahatma Gandhi Bus Station,17.3797886,78.4861571,1.5766460190962943,2.0672451728029375,2.0672451728029375,1.5766460190962943,1.6258312178972352,1.3586766654475984,1.745430173944049,0.15319148936170213,0.07142857142857142,0.19711129991503823,298.0,3,23,Persistent,True,7.771669816545243,Transit Desert
NAM,Nampally,17.392222,78.4701612,1.6270566916209004,2.510176880383564,2.510176880383564,1.6270566916209004,1.8928812632086587,1.4742637748813705,1.5140250367726718,0.15458966565349544,0.35714285714285715,0.19069751944958105,300.3,7,24,Persistent,True,7.700422610898398,Transit Desert
HTC,HITEC City,17.4490055,78.3831376,1.7131670713554572,2.287410809512619,2.287410809512619,1.7131670713554572,1.7226075773500713,1.4952759672841092,1.9216176694321916,0.12948328267477205,0.35714285714285715,0.17951207670833844,259.0,7,21,Persistent,True,7.578719732796917,Transit Desert
ERA,Erragadda,17.4570487,78.4335811,1.7231963006795048,1.840326431373359,1.840326431373359,1.7231963006795048,1.8413978147523586,1.6921791835276292,1.6360119037585266,0.16109422492401215,0.2857142857142857,0.18755310110450296,311.0,6,6,Persistent,True,7.564545064451023,Transit Desert
NGR,NGRI,17.4148264,78.5463345,1.8426853850390377,1.7889136614032217,1.7889136614032217,1.8426853850390377,1.8792534766883544,2.008855048475499,1.6399476299532603,0.1337386018237082,0.21428571428571427,0.24906868832102477,266.0,5,4,Persistent,True,7.395666869823458,Transit Desert
MSH,Musheerabad,17.4178744,78.4995051,2.070094031544979,3.1133971213713707,3.1133971213713707,2.070094031544979,2.3542688768777458,2.0143671256960864,1.8416460920611055,0.24030395136778115,0.2857142857142857,0.2167587085811385,441.3,6,34,Persistent,True,7.074262099919407,Transit Desert
STD,Stadium,17.4074002,78.5542531,2.192233796795697,2.0046421663442944,2.0046421663442944,2.192233796795697,2.180989223542415,2.4536131926504403,1.9420989741942352,0.1452887537993921,0.0,0.3636363636363637,285.0,2,7,Persistent,True,6.901637603227211,Transit Desert
MYP,Miyapur,17.4965452,78.3730262,2.2127816963592735,1.6708528571801589,1.6708528571801589,2.2127816963592735,1.9748609292653834,2.192394000666299,2.471090159146137,0.20382978723404255,0.14285714285714285,0.203213712559507,381.3,4,1,Persistent,True,6.872596522192192,Transit Desert
ESI,ESI Hospital,17.4486969,78.4376283,2.2706988161325303,1.614976284734686,1.614976284734686,2.2706988161325303,1.7261995577167584,2.5457314397607718,2.5401654509200604,0.1284498480243161,0.14285714285714285,0.23527329368450864,257.3,4,4,Persistent,True,6.790740186295383,Transit Desert
NAG,Nagole,17.3907683,78.5588222,2.402350174886704,2.373761391274985,2.373761391274985,2.402350174886704,2.834190178825775,2.4161116210210696,1.9567487248132662,0.2088145896656535,0.07142857142857142,0.4296721647672341,389.5,3,1,Persistent,True,6.604672614467875,Transit Desert
BEG,Begumpet,17.4375661,78.4569341,2.6119332477342665,2.8276011154195864,2.8276011154195864,2.6119332477342665,2.6789779139315466,2.387805791706211,2.7690160375650423,0.11829787234042553,0.42857142857142855,0.41472928091449757,240.6,8,10,Persistent,True,6.308461365074617,Transit Desert
AME,Ameerpet,17.4357214,78.4447933,2.6171747053108043,2.9885318077229988,2.9885318077229988,2.6171747053108043,1.9615786877667971,2.922438107116523,2.967507321049094,0.07781155015197569,0.35714285714285715,0.3038445199660153,174.0,7,35,Persistent,True,6.3010534257010145,Transit Desert
JBS,JBS Parade Ground,17.4444775,78.497584,2.62560465981749,2.9702852029656563,2.9702852029656563,2.62560465981749,2.878632502911684,2.5497408306991147,2.4484406458416714,0.2936170212765957,0.21428571428571427,0.2990654205607477,529.0,5,18,Persistent,True,6.289139069628137,Transit Desert
RDG,Raidurg,17.442,78.3772038,2.7343523372265452,3.749811129038678,3.749811129038678,2.7343523372265452,2.6665666051366914,3.035378702085962,2.5011117044569837,0.3504559270516717,0.35714285714285715,0.13928602818386898,622.5,7,47,Persistent,True,6.135442089446057,Transit Desert
NAR,Narayanaguda,17.3943658,78.4899578,2.7655236577537785,3.630385792260094,3.630385792260094,2.7655236577537785,3.096871647949877,2.7397304172863595,2.4599689080250977,0.2311854103343465,0.9285714285714286,0.253093291926679,426.3,15,17,Persistent,True,6.091386547778694,Transit Desert
RTC,RTC Cross Roads,17.4070321,78.4968023,2.8427929941857832,3.425800129809873,3.425800129809873,2.8427929941857832,3.030015606452274,2.8704572584891297,2.6279061176159453,0.3618844984802431,0.5714285714285714,0.16229113565562164,641.3,10,23,Persistent,True,5.982179032241602,Transit Desert
GAB,Gandhi Bhavan,17.3858253,78.4733347,2.9449432977408065,3.699247540181939,3.699247540181939,2.9449432977408065,3.3537210272509177,2.883421965901394,2.597686900070108,0.278419452887538,0.2857142857142857,0.4189773692747355,504.0,6,26,Persistent,True,5.837806356381742,Transit Desert
SRN,S. R. Nagar,17.4431205,78.4407241,3.03757662778643,2.69489561194423,2.69489561194423,3.03757662778643,2.0235194314534146,3.821968119040195,3.267242332865679,0.1325227963525836,0.2857142857142857,0.2687977909940527,264.0,6,27,Persistent,True,5.706884359411932,Transit Desert
HSG,Habsiguda,17.42018,78.540548,3.054806398856535,2.186821281720864,2.186821281720864,3.054806398856535,2.5241917557487255,3.6063044199264462,3.0339230208944343,0.25835866261398177,0.07142857142857142,0.29024246781256136,471.0,3,5,Persistent,True,5.682532907998928,Transit Desert
JNT,JNTU College,17.4987037,78.3888668,3.1358690316111897,2.6581707266684393,2.6581707266684393,3.1358690316111897,2.6376922937869454,3.256142832481101,3.513771968565523,0.2778115501519757,0.6428571428571429,0.1514443500424809,503.0,11,6,Persistent,True,5.567964191159723,Transit Desert
CDP,Chikkadpally,17.4003634,78.4948964,3.1824807699035405,3.3162391804203777,3.3162391804203777,3.1824807699035405,3.038402745491287,3.4728372145626665,3.0362023496566675,0.29118541033434653,0.6428571428571429,0.23490463774060294,525.0,11,16,Persistent,True,5.502086155074188,Transit Desert
TAR,Tarnaka,17.4274418,78.5300079,3.2734144495253985,2.830395520134585,2.830395520134585,3.2734144495253985,3.293495878851163,3.3700806205773066,3.156666849147725,0.42328267477203646,0.35714285714285715,0.20498491196203092,742.3,7,3,Persistent,True,5.373566334810325,Transit Desert
BTN,Bharat Nagar,17.4629092,78.4305364,3.274225396029749,2.7463230019135763,2.7463230019135763,3.274225396029749,2.948693938791374,3.306937404461803,3.5670448448360697,0.218419452887538,0.21428571428571427,0.4105777400169924,405.3,5,7,Persistent,True,5.37242019512461,Transit Desert
ASM,Assembly,17.3979907,78.4708797,3.2843950782484757,3.3725933060565874,3.3725933060565874,3.2843950782484757,3.3336368135219008,3.305322419561999,3.2142260016615265,0.2814589665653495,0.35714285714285715,0.3922997808880741,509.0,7,15,Persistent,True,5.358047019681512,Transit Desert
ROP,Rasoolpura,17.443612,78.4764053,3.3430001472656676,3.2139701208184013,3.2139701208184013,3.3430001472656676,3.3962611194068746,2.9012235757299347,3.7315157466601923,0.25550151975683894,0.2857142857142857,0.4582598087270985,466.3,6,9,Persistent,True,5.275218380524251,Transit Desert
MKL,Malakpet,17.3771888,78.4939356,3.374281428819357,3.8580849571762283,3.8580849571762283,3.374281428819357,3.5505078624784336,3.5604181508062793,3.0119182731733596,0.32255319148936173,0.7857142857142857,0.2880069048293348,576.6,13,17,Persistent,True,5.231007427007123,Transit Desert
DSN,Dilsukh Nagar,17.3685493,78.5253873,3.420871533357064,3.238979503296464,3.238979503296464,3.420871533357064,3.554708663776072,3.673643808914594,3.0342621273805253,0.22492401215805471,0.21428571428571427,0.5539507221750212,416.0,5,6,Persistent,True,5.165159966680428,Transit Desert
KUK,Kukatpally,17.4849033,78.4117896,3.5573196315377182,3.245683133066311,3.245683133066311,3.5573196315377182,3.164280506396236,3.2086378746927444,4.299040513524174,0.14772036474164132,0.35714285714285715,0.517133956386293,289.0,7,12,Partial,False,4.972312991539346,Transit Desert
NEM,New Market,17.3734454,78.5031791,3.56624236178109,3.0934933891366576,3.0934933891366576,3.56624236178109,3.329133565005508,4.115512195897018,3.254081324440744,0.3406079027355623,0.35714285714285715,0.3172377985462098,606.3,7,8,Partial,False,4.959702177901212,Transit Desert
MSP,Moosapet,17.4718855,78.4261182,3.632850184247545,2.5787205635883304,2.5787205635883304,3.632850184247545,2.7357327500497117,3.905867669093779,4.256950133599146,0.1386018237082067,0.2857142857142857,0.4392523364485981,274.0,6,4,Partial,False,4.86556296119785,Transit Desert
KHA,Khairatabad,17.4116323,78.4608678,3.7472385151098737,4.209177587839349,4.209177587839349,3.7472385151098737,3.762255931911927,3.882308710395584,3.59715090302211,0.22814589665653495,0.35714285714285715,0.5660958978715988,421.3,7,28,Persistent,True,4.703893843838434,Transit Desert
IRM,Erra Manzil,17.4202292,78.4563489,3.7699591732002884,3.6472890321534552,3.6472890321534552,3.7699591732002884,3.6533151248927025,3.931356046747219,3.7252063479609436,0.3527659574468085,0.5,0.34737133441466495,626.3,9,14,Persistent,True,4.671781925501909,Transit Desert
MSB,Musarambagh,17.3710873,78.5119545,3.827895680215068,3.4268595393471117,3.4268595393471117,3.827895680215068,3.7943961387588354,4.1169789080806645,3.5723119938057044,0.48328267477203646,0.2857142857142857,0.2730671197960918,841.0,6,11,Partial,False,4.589898188923566,Transit Desert
PRN,Prakash Nagar,17.4448889,78.4658749,3.9598535764941203,3.7826733517029796,3.7826733517029796,3.9598535764941203,4.165738715450388,3.429154918079954,4.284667095952019,0.21458966565349544,0.21428571428571427,0.7196261682242991,399.0,5,6,Partial,False,4.4033973766535155,Transit Desert
CHP,Chaitanyapuri,17.3681501,78.5381335,4.092094327486686,4.089726340472016,4.089726340472016,4.092094327486686,4.536977736918083,4.040181807487525,3.69912343805445,0.3951367781155015,0.6428571428571429,0.4796091758708581,696.0,11,2,Partial,False,4.216496795704874,Moderate
MET,Mettuguda,17.4355207,78.5195754,4.102388167343232,3.6558323832686317,3.6558323832686317,4.102388167343232,4.304390287782475,3.9555756566925475,4.047198557554673,0.5637689969604863,0.35714285714285715,0.28210061145929666,973.4,7,5,Partial,False,4.201948143833645,Moderate
PUN,Panjagutta,17.4289362,78.450955,4.427957113460942,3.92325813566266,3.92325813566266,4.427957113460942,3.869047074713036,4.918100241369209,4.496724024300583,0.28936170212765955,0.8571428571428571,0.39127392673297023,522.0,14,8,Partial,False,3.741809913284293,Moderate
VOM,Victoria Memorial,17.3618565,78.5439622,4.714851067225545,4.44811421676355,4.44811421676355,4.714851067225545,5.178565618116224,4.614639409754318,4.351348173806091,0.48145896656534953,0.2857142857142857,0.6213891248937977,838.0,6,5,None,False,3.336332432048036,Moderate
PAR,Paradise,17.4434668,78.4862436,4.877889222215239,4.9886988214866514,4.9886988214866514,4.877889222215239,4.954874206753309,4.663838811311117,5.0149546485812895,0.4931914893617021,0.7142857142857143,0.4436577614147708,857.3,12,20,None,False,3.1059047790314454,Moderate
SUB,Sultan Bazar,17.3844473,78.4840241,4.9031991113926825,5.57841932376631,5.57841932376631,4.9031991113926825,5.355492687864929,4.973930324994154,4.380174321318963,0.22006079027355624,0.35714285714285715,0.9745114698385727,408.0,7,27,None,False,3.070133407835316,Moderate
PRG,Parade Ground,17.4431943,78.4974687,5.037767094617727,5.400621359542034,5.400621359542034,5.037767094617727,5.136272435221291,4.89164973109233,5.085379117539558,0.40790273556231005,1.0,0.5241896893524352,717.0,16,20,None,False,2.879943666374596,Moderate
SEC_E,Secunderabad East,17.4357184,78.5054623,5.621931249103743,5.58121314013717,5.58121314013717,5.621931249103743,5.805146758506745,5.226837864064901,5.833809124739586,0.49848024316109424,0.7857142857142857,0.6317578142467468,866.0,13,14,None,False,2.0543235831300164,Moderate
UPL,Uppal,17.4000665,78.5601868,5.853429164961349,5.3878518876232135,5.3878518876232135,5.853429164961349,6.007002244126921,6.127199776094193,5.426085474662933,0.35987841945288757,0.35714285714285715,0.9626168224299065,638.0,7,7,None,False,1.7271393026609916,Moderate
SCR,Secunderabad West,17.4338034,78.4995181,6.1723523164896,6.161456956578252,6.161456956578252,6.1723523164896,6.085051979901851,6.1408195592326,6.2911854103343465,0.443951367781155,0.07142857142857142,0.9484666423918762,776.3,3,37,None,False,1.2763938111902695,Moderate
LKP,Lakdi-ka-pul,17.4040433,78.4649442,6.336960334164561,6.226414036682479,6.226414036682479,6.336960334164561,6.331672490033994,6.287247979313184,6.3919605331465075,0.6597568389057751,0.6428571428571429,0.5975077881619938,1131.3,11,27,None,False,1.0437474151184278,Moderate
OMC,Osmania Medical College,17.3820769,78.4817011,6.6315512907431104,6.4633738601823705,6.4633738601823705,6.6315512907431104,6.822188449848024,6.822188449848024,6.250276972533283,0.4930091185410334,0.35714285714285715,1.0,857.0,7,22,None,False,0.6273914846394646,Moderate
LBN,L. B. Nagar,17.349846,78.5479412,7.075459601107659,6.0375038391302684,6.0375038391302684,7.075459601107659,7.345944465736372,6.89743161872586,6.983002718860744,1.0,0.5714285714285714,0.44362897357695014,1691.0,10,4,None,False,0.0,Well-Connected
